-- phpMyAdmin SQL Dump
-- version 5.2.0
-- https://www.phpmyadmin.net/
--
-- Host: 127.0.0.1
-- Czas generowania: 02 Mar 2024, 15:47
-- Wersja serwera: 10.4.24-MariaDB
-- Wersja PHP: 7.4.29

SET SQL_MODE = "NO_AUTO_VALUE_ON_ZERO";
START TRANSACTION;
SET time_zone = "+00:00";


/*!40101 SET @OLD_CHARACTER_SET_CLIENT=@@CHARACTER_SET_CLIENT */;
/*!40101 SET @OLD_CHARACTER_SET_RESULTS=@@CHARACTER_SET_RESULTS */;
/*!40101 SET @OLD_COLLATION_CONNECTION=@@COLLATION_CONNECTION */;
/*!40101 SET NAMES utf8mb4 */;

--
-- Baza danych: `betterdaydb`
--

-- --------------------------------------------------------

--
-- Struktura tabeli dla tabeli `habitgroups`
--

CREATE TABLE `habitgroups` (
  `ID` int(11) NOT NULL,
  `Date` date NOT NULL,
  `UserId` int(11) NOT NULL
) ENGINE=InnoDB DEFAULT CHARSET=utf8mb4;

--
-- Zrzut danych tabeli `habitgroups`
--

INSERT INTO `habitgroups` (`ID`, `Date`, `UserId`) VALUES
(1, '2023-10-30', 1),
(2, '2023-12-15', 3),
(3, '2023-12-16', 4),
(9, '2024-02-09', 3),
(10, '2024-02-10', 3),
(17, '2024-02-01', 3),
(18, '2024-02-02', 3),
(19, '2024-02-03', 3),
(20, '2024-02-04', 3),
(21, '2024-02-05', 3),
(22, '2024-02-06', 3),
(23, '2024-02-07', 3),
(24, '2024-02-08', 3),
(25, '2024-02-09', 3),
(26, '2024-02-10', 3),
(27, '2024-02-11', 3),
(28, '2024-02-12', 3),
(29, '2024-02-13', 3),
(30, '2024-02-14', 3),
(31, '2024-02-15', 3),
(32, '2024-02-16', 3),
(33, '2024-02-17', 3),
(34, '2024-02-18', 3),
(35, '2024-02-19', 3),
(36, '2024-02-20', 3),
(37, '2024-02-21', 3),
(38, '2024-02-22', 3),
(39, '2024-02-23', 3),
(40, '2024-02-24', 3),
(41, '2024-02-25', 3),
(42, '2024-02-26', 3),
(43, '2024-02-27', 3),
(44, '2024-02-28', 3),
(45, '2024-02-29', 3),
(46, '2024-02-01', 3),
(47, '2024-02-02', 3),
(48, '2024-02-03', 3),
(49, '2024-02-04', 3),
(50, '2024-02-05', 3),
(51, '2024-02-06', 3),
(52, '2024-02-07', 3),
(53, '2024-02-08', 3),
(54, '2024-02-09', 3),
(55, '2024-02-10', 3),
(56, '2024-02-11', 3),
(57, '2024-02-12', 3),
(58, '2024-02-13', 3),
(59, '2024-02-14', 3),
(60, '2024-02-15', 3),
(61, '2024-02-16', 3),
(62, '2024-02-17', 3),
(63, '2024-02-18', 3),
(64, '2024-02-19', 3),
(65, '2024-02-20', 3),
(66, '2024-02-21', 3),
(67, '2024-02-22', 3),
(68, '2024-02-23', 3),
(69, '2024-02-24', 3),
(70, '2024-02-25', 3),
(71, '2024-02-26', 3),
(72, '2024-02-27', 3),
(73, '2024-02-28', 3),
(74, '2024-02-29', 3),
(75, '2024-03-01', 3),
(76, '2024-03-02', 3),
(77, '2024-03-03', 3),
(78, '2024-03-04', 3),
(79, '2024-03-05', 3),
(80, '2024-03-06', 3),
(81, '2024-03-07', 3),
(82, '2024-03-08', 3),
(83, '2024-03-09', 3),
(84, '2024-03-10', 3),
(85, '2024-03-11', 3),
(86, '2024-03-12', 3),
(87, '2024-03-13', 3),
(88, '2024-03-14', 3),
(89, '2024-03-15', 3),
(90, '2024-03-16', 3),
(91, '2024-03-17', 3),
(92, '2024-03-18', 3),
(93, '2024-03-19', 3),
(94, '2024-03-20', 3),
(95, '2024-03-21', 3),
(96, '2024-03-22', 3),
(97, '2024-03-23', 3),
(98, '2024-03-24', 3),
(99, '2024-03-25', 3),
(100, '2024-03-26', 3),
(101, '2024-03-27', 3),
(102, '2024-03-28', 3),
(103, '2024-03-29', 3),
(104, '2024-03-30', 3),
(105, '2024-03-31', 3),
(106, '2024-02-01', 3),
(107, '2024-02-02', 3),
(108, '2024-02-03', 3),
(109, '2024-02-04', 3),
(110, '2024-02-05', 3),
(111, '2024-02-06', 3),
(112, '2024-02-07', 3),
(113, '2024-02-08', 3),
(114, '2024-02-09', 3),
(115, '2024-02-10', 3),
(116, '2024-02-11', 3),
(117, '2024-02-12', 3),
(118, '2024-02-13', 3),
(119, '2024-02-14', 3),
(120, '2024-02-15', 3),
(121, '2024-02-16', 3),
(122, '2024-02-17', 3),
(123, '2024-02-18', 3),
(124, '2024-02-19', 3),
(125, '2024-02-20', 3),
(126, '2024-02-21', 3),
(127, '2024-02-22', 3),
(128, '2024-02-23', 3),
(129, '2024-02-24', 3),
(130, '2024-02-25', 3),
(131, '2024-02-26', 3),
(132, '2024-02-27', 3),
(133, '2024-02-28', 3),
(134, '2024-02-29', 3),
(135, '2024-02-01', 3),
(136, '2024-02-02', 3),
(137, '2024-02-03', 3),
(138, '2024-02-04', 3),
(139, '2024-02-05', 3),
(140, '2024-02-06', 3),
(141, '2024-02-07', 3),
(142, '2024-02-08', 3),
(143, '2024-02-09', 3),
(144, '2024-02-10', 3),
(145, '2024-02-11', 3),
(146, '2024-02-12', 3),
(147, '2024-02-13', 3),
(148, '2024-02-14', 3),
(149, '2024-02-15', 3),
(150, '2024-02-16', 3),
(151, '2024-02-17', 3),
(152, '2024-02-18', 3),
(153, '2024-02-19', 3),
(154, '2024-02-20', 3),
(155, '2024-02-21', 3),
(156, '2024-02-22', 3),
(157, '2024-02-23', 3),
(158, '2024-02-24', 3),
(159, '2024-02-25', 3),
(160, '2024-02-26', 3),
(161, '2024-02-27', 3),
(162, '2024-02-28', 3),
(163, '2024-02-29', 3),
(164, '2024-02-01', 3),
(165, '2024-02-02', 3),
(166, '2024-02-03', 3),
(167, '2024-02-04', 3),
(168, '2024-02-05', 3),
(169, '2024-02-06', 3),
(170, '2024-02-07', 3),
(171, '2024-02-08', 3),
(172, '2024-02-09', 3),
(173, '2024-02-10', 3),
(174, '2024-02-11', 3),
(175, '2024-02-12', 3),
(176, '2024-02-13', 3),
(177, '2024-02-14', 3),
(178, '2024-02-15', 3),
(179, '2024-02-16', 3),
(180, '2024-02-17', 3),
(181, '2024-02-18', 3),
(182, '2024-02-19', 3),
(183, '2024-02-20', 3),
(184, '2024-02-21', 3),
(185, '2024-02-22', 3),
(186, '2024-02-23', 3),
(187, '2024-02-24', 3),
(188, '2024-02-25', 3),
(189, '2024-02-26', 3),
(190, '2024-02-27', 3),
(191, '2024-02-28', 3),
(192, '2024-02-29', 3),
(193, '2024-03-01', 3),
(194, '2024-03-02', 3),
(195, '2024-03-03', 3),
(196, '2024-03-04', 3),
(197, '2024-03-05', 3),
(198, '2024-03-06', 3),
(199, '2024-03-07', 3),
(200, '2024-03-08', 3),
(201, '2024-03-09', 3),
(202, '2024-03-10', 3),
(203, '2024-03-11', 3),
(204, '2024-03-12', 3),
(205, '2024-03-13', 3),
(206, '2024-03-14', 3),
(207, '2024-03-15', 3),
(208, '2024-03-16', 3),
(209, '2024-03-17', 3),
(210, '2024-03-18', 3),
(211, '2024-03-19', 3),
(212, '2024-03-20', 3),
(213, '2024-03-21', 3),
(214, '2024-03-22', 3),
(215, '2024-03-23', 3),
(216, '2024-03-24', 3),
(217, '2024-03-25', 3),
(218, '2024-03-26', 3),
(219, '2024-03-27', 3),
(220, '2024-03-28', 3),
(221, '2024-03-29', 3),
(222, '2024-03-30', 3),
(223, '2024-03-31', 3),
(224, '2024-02-01', 3),
(225, '2024-02-02', 3),
(226, '2024-02-03', 3),
(227, '2024-02-04', 3),
(228, '2024-02-05', 3),
(229, '2024-02-06', 3),
(230, '2024-02-07', 3),
(231, '2024-02-08', 3),
(232, '2024-02-09', 3),
(233, '2024-02-10', 3),
(234, '2024-02-11', 3),
(235, '2024-02-12', 3),
(236, '2024-02-13', 3),
(237, '2024-02-14', 3),
(238, '2024-02-15', 3),
(239, '2024-02-16', 3),
(240, '2024-02-17', 3),
(241, '2024-02-18', 3),
(242, '2024-02-19', 3),
(243, '2024-02-20', 3),
(244, '2024-02-21', 3),
(245, '2024-02-22', 3),
(246, '2024-02-23', 3),
(247, '2024-02-24', 3),
(248, '2024-02-25', 3),
(249, '2024-02-26', 3),
(250, '2024-02-27', 3),
(251, '2024-02-28', 3),
(252, '2024-02-29', 3),
(253, '2024-03-01', 3),
(254, '2024-03-02', 3),
(255, '2024-03-03', 3),
(256, '2024-03-04', 3),
(257, '2024-03-05', 3),
(258, '2024-03-06', 3),
(259, '2024-03-07', 3),
(260, '2024-03-08', 3),
(261, '2024-03-09', 3),
(262, '2024-03-10', 3),
(263, '2024-03-11', 3),
(264, '2024-03-12', 3),
(265, '2024-03-13', 3),
(266, '2024-03-14', 3),
(267, '2024-03-15', 3),
(268, '2024-03-16', 3),
(269, '2024-03-17', 3),
(270, '2024-03-18', 3),
(271, '2024-03-19', 3),
(272, '2024-03-20', 3),
(273, '2024-03-21', 3),
(274, '2024-03-22', 3),
(275, '2024-03-23', 3),
(276, '2024-03-24', 3),
(277, '2024-03-25', 3),
(278, '2024-03-26', 3),
(279, '2024-03-27', 3),
(280, '2024-03-28', 3),
(281, '2024-03-29', 3),
(282, '2024-03-30', 3),
(283, '2024-03-31', 3);

-- --------------------------------------------------------

--
-- Struktura tabeli dla tabeli `habits`
--

CREATE TABLE `habits` (
  `ID` int(11) NOT NULL,
  `UserID` int(11) NOT NULL,
  `HabitID` int(11) DEFAULT NULL,
  `GroupId` int(11) NOT NULL,
  `Status` tinyint(1) NOT NULL DEFAULT 0
) ENGINE=InnoDB DEFAULT CHARSET=utf8mb4;

--
-- Zrzut danych tabeli `habits`
--

INSERT INTO `habits` (`ID`, `UserID`, `HabitID`, `GroupId`, `Status`) VALUES
(7, 1, 1, 1, 0),
(8, 1, 2, 1, 1),
(11, 4, 6, 3, 0),
(12, 4, 7, 3, 0),
(13, 4, 8, 3, 0),
(171, 3, 36, 164, 1),
(172, 3, 36, 165, 1),
(173, 3, 36, 166, 1),
(174, 3, 36, 167, 1),
(175, 3, 36, 168, 0),
(176, 3, 36, 169, 0),
(177, 3, 36, 170, 0),
(178, 3, 36, 171, 0),
(179, 3, 36, 172, 0),
(180, 3, 36, 173, 0),
(181, 3, 36, 174, 0),
(182, 3, 36, 175, 0),
(183, 3, 36, 176, 0),
(184, 3, 36, 177, 0),
(185, 3, 36, 178, 0),
(186, 3, 36, 179, 1),
(187, 3, 36, 180, 0),
(188, 3, 36, 181, 0),
(189, 3, 36, 182, 0),
(190, 3, 36, 183, 0),
(191, 3, 36, 184, 0),
(192, 3, 36, 185, 0),
(193, 3, 36, 186, 0),
(194, 3, 36, 187, 0),
(195, 3, 36, 188, 0),
(196, 3, 36, 189, 0),
(197, 3, 36, 190, 0),
(198, 3, 36, 191, 0),
(199, 3, 36, 192, 0),
(231, 3, 38, 224, 0),
(232, 3, 38, 225, 0),
(233, 3, 38, 226, 0),
(234, 3, 38, 227, 0),
(235, 3, 38, 228, 0),
(236, 3, 38, 229, 0),
(237, 3, 38, 230, 0),
(238, 3, 38, 231, 0),
(239, 3, 38, 232, 0),
(240, 3, 38, 233, 0),
(241, 3, 38, 234, 0),
(242, 3, 38, 235, 0),
(243, 3, 38, 236, 0),
(244, 3, 38, 237, 0),
(245, 3, 38, 238, 0),
(246, 3, 38, 239, 0),
(247, 3, 38, 240, 0),
(248, 3, 38, 241, 0),
(249, 3, 38, 242, 0),
(250, 3, 38, 243, 0),
(251, 3, 38, 244, 0),
(252, 3, 38, 245, 0),
(253, 3, 38, 246, 0),
(254, 3, 38, 247, 0),
(255, 3, 38, 248, 0),
(256, 3, 38, 249, 0),
(257, 3, 38, 250, 0),
(258, 3, 38, 251, 0),
(259, 3, 38, 252, 0),
(260, 3, 39, 253, 0),
(261, 3, 39, 254, 0),
(262, 3, 39, 255, 0),
(263, 3, 39, 256, 0),
(264, 3, 39, 257, 0),
(265, 3, 39, 258, 0),
(266, 3, 39, 259, 0),
(267, 3, 39, 260, 0),
(268, 3, 39, 261, 0),
(269, 3, 39, 262, 0),
(270, 3, 39, 263, 0),
(271, 3, 39, 264, 0),
(272, 3, 39, 265, 0),
(273, 3, 39, 266, 0),
(274, 3, 39, 267, 0),
(275, 3, 39, 268, 0),
(276, 3, 39, 269, 0),
(277, 3, 39, 270, 0),
(278, 3, 39, 271, 0),
(279, 3, 39, 272, 0),
(280, 3, 39, 273, 0),
(281, 3, 39, 274, 0),
(282, 3, 39, 275, 0),
(283, 3, 39, 276, 0),
(284, 3, 39, 277, 0),
(285, 3, 39, 278, 0),
(286, 3, 39, 279, 0),
(287, 3, 39, 280, 0),
(288, 3, 39, 281, 0),
(289, 3, 39, 282, 0),
(290, 3, 39, 283, 0);

-- --------------------------------------------------------

--
-- Struktura tabeli dla tabeli `habitslist`
--

CREATE TABLE `habitslist` (
  `ID` int(11) NOT NULL,
  `UserID` int(11) NOT NULL,
  `Title` varchar(50) NOT NULL
) ENGINE=InnoDB DEFAULT CHARSET=utf8mb4;

--
-- Zrzut danych tabeli `habitslist`
--

INSERT INTO `habitslist` (`ID`, `UserID`, `Title`) VALUES
(1, 1, 'Workout'),
(2, 1, 'Reading'),
(3, 1, 'Learning'),
(6, 4, 'Test1'),
(7, 4, 'Test2'),
(8, 4, 'Test3'),
(36, 3, 'Dayli'),
(38, 3, 'Workout'),
(39, 3, 'Programming');

-- --------------------------------------------------------

--
-- Struktura tabeli dla tabeli `notes`
--

CREATE TABLE `notes` (
  `ID` int(11) NOT NULL,
  `UserID` int(11) NOT NULL,
  `Date` date NOT NULL DEFAULT current_timestamp(),
  `Note` longtext DEFAULT NULL
) ENGINE=InnoDB DEFAULT CHARSET=utf8mb4;

--
-- Zrzut danych tabeli `notes`
--

INSERT INTO `notes` (`ID`, `UserID`, `Date`, `Note`) VALUES
(1, 1, '2023-09-19', 'Today I created this beautiful database.'),
(2, 3, '2023-12-15', 'Today I have died :('),
(3, 4, '2023-12-16', 'O cholera czy to Freddy Fazbear?'),
(4, 3, '2024-05-01', 'Amogus'),
(5, 3, '2024-05-01', ' e'),
(7, 3, '2024-02-05', 'Testingowo'),
(12, 3, '2024-02-08', 'CALCULUS B)'),
(14, 3, '2024-02-07', 'Bob Alibaba'),
(15, 3, '2024-02-09', 'Essa Teressa');

-- --------------------------------------------------------

--
-- Struktura tabeli dla tabeli `tasks`
--

CREATE TABLE `tasks` (
  `ID` int(11) NOT NULL,
  `UserID` int(11) NOT NULL,
  `Date` date NOT NULL DEFAULT current_timestamp(),
  `Title` varchar(50) NOT NULL,
  `Status` tinyint(1) NOT NULL DEFAULT 0
) ENGINE=InnoDB DEFAULT CHARSET=utf8mb4;

--
-- Zrzut danych tabeli `tasks`
--

INSERT INTO `tasks` (`ID`, `UserID`, `Date`, `Title`, `Status`) VALUES
(1, 1, '2023-09-19', 'Wash the dishes', 0),
(2, 1, '2023-09-19', 'Mow the grass', 1),
(3, 2, '2023-09-20', 'Clean the house', 0),
(4, 3, '2023-12-15', 'Beer with bois', 0),
(5, 3, '2023-12-15', 'Vodka with men', 1),
(6, 3, '2023-12-15', 'Spirytus with warriors', 1),
(7, 4, '2023-12-16', 'Test1 :)', 0),
(8, 4, '2023-12-16', 'Test2 :|', 0),
(9, 4, '2023-12-16', 'Test3 :(', 0),
(10, 3, '2024-01-12', 'Skibidi', 1),
(11, 3, '2024-01-12', 'Dop yes tes', 1),
(13, 3, '2024-01-19', 'test', 0),
(14, 3, '2024-01-09', 'xyz', 0),
(15, 3, '2024-01-09', 'test2', 0),
(16, 3, '2024-01-09', 'c', 0),
(17, 3, '2023-12-31', 'z', 0),
(19, 3, '2024-01-10', 'aaaa', 1),
(23, 3, '2024-01-18', 'test', 0),
(24, 3, '2024-01-18', 'abc', 0),
(25, 3, '2024-10-31', 'blud', 0),
(26, 3, '2024-05-01', 'Eska', 0),
(27, 3, '2024-05-01', 'a', 0),
(28, 3, '2024-05-01', 'a', 0),
(45, 3, '2024-02-15', 'A', 0),
(46, 3, '2024-02-15', 'B', 0),
(47, 3, '2024-02-15', 'C', 0),
(49, 3, '2024-02-15', 'D', 0),
(50, 3, '2024-02-15', 'E', 0),
(51, 3, '2024-02-15', 'F', 0),
(52, 3, '2024-02-16', 'G', 0),
(56, 3, '2024-02-14', 'Abbgbsb', 0),
(66, 3, '2024-03-15', 'A', 0),
(67, 3, '2024-03-16', 'b', 0);

-- --------------------------------------------------------

--
-- Struktura tabeli dla tabeli `users`
--

CREATE TABLE `users` (
  `ID` int(11) NOT NULL,
  `Username` varchar(50) NOT NULL,
  `Password` varchar(255) NOT NULL
) ENGINE=InnoDB DEFAULT CHARSET=utf8mb4;

--
-- Zrzut danych tabeli `users`
--

INSERT INTO `users` (`ID`, `Username`, `Password`) VALUES
(1, 'Piotrekfolt1', 'test'),
(2, 'IzakTV', 'test'),
(3, 'gankplank', 'Y3l0cnlua2E='),
(4, 'test', 'dGVzdA==');

--
-- Indeksy dla zrzutów tabel
--

--
-- Indeksy dla tabeli `habitgroups`
--
ALTER TABLE `habitgroups`
  ADD PRIMARY KEY (`ID`),
  ADD KEY `UserId` (`UserId`);

--
-- Indeksy dla tabeli `habits`
--
ALTER TABLE `habits`
  ADD PRIMARY KEY (`ID`),
  ADD KEY `HabitID` (`HabitID`),
  ADD KEY `UserID` (`UserID`),
  ADD KEY `GroupId` (`GroupId`);

--
-- Indeksy dla tabeli `habitslist`
--
ALTER TABLE `habitslist`
  ADD PRIMARY KEY (`ID`),
  ADD KEY `UserID` (`UserID`);

--
-- Indeksy dla tabeli `notes`
--
ALTER TABLE `notes`
  ADD PRIMARY KEY (`ID`),
  ADD KEY `UserID` (`UserID`);

--
-- Indeksy dla tabeli `tasks`
--
ALTER TABLE `tasks`
  ADD PRIMARY KEY (`ID`),
  ADD KEY `UserID` (`UserID`);

--
-- Indeksy dla tabeli `users`
--
ALTER TABLE `users`
  ADD PRIMARY KEY (`ID`);

--
-- AUTO_INCREMENT dla zrzuconych tabel
--

--
-- AUTO_INCREMENT dla tabeli `habitgroups`
--
ALTER TABLE `habitgroups`
  MODIFY `ID` int(11) NOT NULL AUTO_INCREMENT, AUTO_INCREMENT=284;

--
-- AUTO_INCREMENT dla tabeli `habits`
--
ALTER TABLE `habits`
  MODIFY `ID` int(11) NOT NULL AUTO_INCREMENT, AUTO_INCREMENT=291;

--
-- AUTO_INCREMENT dla tabeli `habitslist`
--
ALTER TABLE `habitslist`
  MODIFY `ID` int(11) NOT NULL AUTO_INCREMENT, AUTO_INCREMENT=40;

--
-- AUTO_INCREMENT dla tabeli `notes`
--
ALTER TABLE `notes`
  MODIFY `ID` int(11) NOT NULL AUTO_INCREMENT, AUTO_INCREMENT=18;

--
-- AUTO_INCREMENT dla tabeli `tasks`
--
ALTER TABLE `tasks`
  MODIFY `ID` int(11) NOT NULL AUTO_INCREMENT, AUTO_INCREMENT=68;

--
-- AUTO_INCREMENT dla tabeli `users`
--
ALTER TABLE `users`
  MODIFY `ID` int(11) NOT NULL AUTO_INCREMENT, AUTO_INCREMENT=5;

--
-- Ograniczenia dla zrzutów tabel
--

--
-- Ograniczenia dla tabeli `habitgroups`
--
ALTER TABLE `habitgroups`
  ADD CONSTRAINT `habitgroups_ibfk_1` FOREIGN KEY (`UserId`) REFERENCES `users` (`ID`);

--
-- Ograniczenia dla tabeli `habits`
--
ALTER TABLE `habits`
  ADD CONSTRAINT `habits_ibfk_1` FOREIGN KEY (`HabitID`) REFERENCES `habitslist` (`ID`) ON DELETE CASCADE,
  ADD CONSTRAINT `habits_ibfk_2` FOREIGN KEY (`UserID`) REFERENCES `users` (`ID`),
  ADD CONSTRAINT `habits_ibfk_3` FOREIGN KEY (`GroupId`) REFERENCES `habitgroups` (`ID`);

--
-- Ograniczenia dla tabeli `habitslist`
--
ALTER TABLE `habitslist`
  ADD CONSTRAINT `habitslist_ibfk_1` FOREIGN KEY (`UserID`) REFERENCES `users` (`ID`);

--
-- Ograniczenia dla tabeli `notes`
--
ALTER TABLE `notes`
  ADD CONSTRAINT `notes_ibfk_1` FOREIGN KEY (`UserID`) REFERENCES `users` (`ID`);

--
-- Ograniczenia dla tabeli `tasks`
--
ALTER TABLE `tasks`
  ADD CONSTRAINT `tasks_ibfk_1` FOREIGN KEY (`UserID`) REFERENCES `users` (`ID`);
COMMIT;

/*!40101 SET CHARACTER_SET_CLIENT=@OLD_CHARACTER_SET_CLIENT */;
/*!40101 SET CHARACTER_SET_RESULTS=@OLD_CHARACTER_SET_RESULTS */;
/*!40101 SET COLLATION_CONNECTION=@OLD_COLLATION_CONNECTION */;
